"variable","n_missing","pct_missing"
"P5100",159334,0.965894762366634
"P5140",100507,0.609281037827352
"P5130",64453,0.390718962172648
"id",0,0
"Clase",0,0
"Dominio",0,0
"P5000",0,0
"P5010",0,0
"P5090",0,0
"Nper",0,0
"Npersug",0,0
"Ingtotug",0,0
"Ingtotugarr",0,0
"Ingpcug",0,0
"Li",0,0
"Lp",0,0
"Pobre",0,0
"Indigente",0,0
"Npobres",0,0
"Nindigentes",0,0
"Fex_c",0,0
"Depto",0,0
"Fex_dpto",0,0
"Pobre_calculado",0,0
"Pobre_calculado2",0,0
